{
    "admin": {
        "password": "6e1cd41d1b9bd3a07ab7803081806658",
        "expiration": "2030-12-31",
        "last_login": "2025-03-20 02:07:23",
        "telegram_id": "5325383844"
    },
    "fabio": {
        "password": "827ccb0eea8a706c4c34a16891f84e7b",
        "expiration": "2025-04-12",
        "last_login": "2025-03-12 21:46:25",
        "telegram_id": "5462991938"
    },
    "alejandro": {
        "password": "29f3b68f30c34113ad0f8e5deb43d775",
        "expiration": "2025-03-19",
        "last_login": "2025-03-18 12:31:55",
        "telegram_id": "6956515912"
    },
    "supermen": {
        "password": "be4e011701005b945355041b288fa06f",
        "expiration": "2030-03-13",
        "last_login": "2025-03-12 20:10:00",
        "telegram_id": "7868552726"
    },
    "toreto": {
        "password": "63a269dd087030220c8ca06c3dbe8caa",
        "expiration": "2025-03-19",
        "last_login": "2025-03-18 17:06:51",
        "telegram_id": "7914058548"
    },
    "Yasid_ND": {
        "password": "e43d9a409b4b669655b3d761447cec64",
        "expiration": "2025-03-19",
        "last_login": "2025-03-17 14:09:41",
        "telegram_id": "773933166"
    },
    "Macuss29": {
        "password": "b4dbd8688636cf1b54defcfa89caaa19",
        "expiration": "2030-03-13",
        "last_login": "2025-03-19 03:01:27",
        "telegram_id": "7469465194"
    },
    "Bailay": {
        "password": "15d2b7f269c62321bdbcd052694c22fb",
        "expiration": "2025-06-13",
        "last_login": "2025-03-15 07:42:29",
        "telegram_id": "7377681460"
    },
    "anyagaca21": {
        "password": "16b7d3c7bd04c7b28a9e6b6e27c5c209",
        "expiration": "2025-04-13",
        "last_login": "2025-03-17 18:57:50",
        "telegram_id": "1037431226"
    },
    "Yurgen": {
        "password": "76c1861cff0aefec1929236b63dc3e80",
        "expiration": "2025-04-13",
        "last_login": "2025-03-18 13:21:31",
        "telegram_id": "1464436860"
    },
    "Cruz": {
        "password": "1b6ecd67f81e2b0afdd6b0efb432255c",
        "expiration": "2025-04-13",
        "last_login": "2025-03-19 17:41:11",
        "telegram_id": ""
    },
    "Redwolf": {
        "password": "04be135cad7e049d73e3bb1ac5af388f",
        "expiration": "2025-06-13",
        "last_login": "2025-03-19 18:51:44",
        "telegram_id": "6122351815"
    },
    "Crisko": {
        "password": "cf345876b62be5e25355d0eb6c2e3aff",
        "expiration": "2025-04-14",
        "last_login": "2025-03-19 16:32:52",
        "telegram_id": "5940163485"
    },
    "calcore08": {
        "password": "a591024321c5e2bdbd23ed35f0574dde",
        "expiration": "2025-06-21",
        "last_login": "2025-03-15 22:19:18",
        "telegram_id": "6835726963"
    },
    "sbstreaming": {
        "password": "1805d62af969024c6d3c8173a1dfdb1e",
        "expiration": "2025-04-14",
        "last_login": "2025-03-19 18:08:04",
        "telegram_id": "7690103356"
    },
    "ELGOBERNADOR": {
        "password": "429d500ff643f6f4fe66b42d9cc5a30f",
        "expiration": "2025-04-14",
        "last_login": "2025-03-19 16:20:41",
        "telegram_id": "525405521"
    },
    "Alex": {
        "password": "2186c21fb9c15d1456da5f826679b17d",
        "expiration": "2025-03-17",
        "last_login": "2025-03-15 15:31:08",
        "telegram_id": "5953930934"
    },
    "yzsoulsgod": {
        "password": "7d6b20c519ae178162528cb45353ef44",
        "expiration": "2025-04-15",
        "last_login": "2025-03-19 12:06:08",
        "telegram_id": "6600425461"
    },
    "admin2": {
        "password": "cf4b741fffd14dc374b75b34413563f5",
        "expiration": "2030-03-15",
        "last_login": "Never",
        "telegram_id": "7077412401"
    },
    "Jonathan04": {
        "password": "9480acaab886bfb1689e6e3d7db6e10f",
        "expiration": "2025-12-30",
        "last_login": "2025-03-15 20:04:17",
        "telegram_id": "7077412401"
    },
    "Tadeusxxx": {
        "password": "be555e9259caefaa001bf1a9fe2ef8b0",
        "expiration": "2025-04-17",
        "last_login": "2025-03-18 18:10:48",
        "telegram_id": "5044382789"
    },
    "Gratis": {
        "password": "060bf2d587991d8f090a1309b285291c",
        "expiration": "2025-03-19",
        "last_login": "2025-03-18 21:58:29",
        "telegram_id": ""
    },
    "5325383844": [],
    "alexander2005": {
        "password": "f7c917b6181818925b87add86ce8dd0a",
        "expiration": "2025-04-19",
        "last_login": "2025-03-19 13:16:18",
        "telegram_id": "1865970861"
    }
}